[
  {
    "id": "e90a4a0e-3cd5-428a-97dd-b953627aba00",
    "data": [
      {
        "text": "language",
        "userDefined": false
      }
    ],
    "isTemplate": false,
    "count": 0
  },
  {
    "id": "a5458bed-bb33-4621-99c9-c7f84c55b130",
    "data": [
      {
        "text": "programming language",
        "userDefined": false
      }
    ],
    "isTemplate": false,
    "count": 0
  },
  {
    "id": "7fa579bd-b229-42f8-8c25-c4bb92dfb5b6",
    "data": [
      {
        "text": "could you help ",
        "userDefined": false
      },
      {
        "text": "me",
        "meta": "@sys.ignore",
        "userDefined": false
      },
      {
        "text": " to learn programming language",
        "userDefined": false
      }
    ],
    "isTemplate": false,
    "count": 0
  },
  {
    "id": "e5329f46-0952-4856-90a1-cc4a9930a287",
    "data": [
      {
        "text": "I would like to learn programming language",
        "userDefined": false
      }
    ],
    "isTemplate": false,
    "count": 0
  }
]