[
  {
    "id": "f8d6a920-b540-41ea-9554-982be0f2101c",
    "data": [
      {
        "text": "hindi",
        "alias": "languageName",
        "meta": "@languageName",
        "userDefined": true
      }
    ],
    "isTemplate": false,
    "count": 0,
    "updated": 1535682009
  },
  {
    "id": "4d541926-7f5d-4b11-9b30-344330db3b71",
    "data": [
      {
        "text": "python",
        "alias": "languageName",
        "meta": "@languageName",
        "userDefined": true
      }
    ],
    "isTemplate": false,
    "count": 0,
    "updated": 1535682009
  },
  {
    "id": "f2c3b8e7-ec84-462e-a28d-1bd8c1d9abe8",
    "data": [
      {
        "text": "java",
        "alias": "languageName",
        "meta": "@languageName",
        "userDefined": true
      }
    ],
    "isTemplate": false,
    "count": 0,
    "updated": 1535682009
  },
  {
    "id": "53c4175a-07b4-4d48-84e8-32f1d2c7c924",
    "data": [
      {
        "text": "I would like to learn ",
        "userDefined": false
      },
      {
        "text": "hindi",
        "alias": "languageName",
        "meta": "@languageName",
        "userDefined": true
      }
    ],
    "isTemplate": false,
    "count": 0,
    "updated": 1535682009
  },
  {
    "id": "fc9aa7d6-43e3-4a99-94f5-18a4c338f6ef",
    "data": [
      {
        "text": "I would like to learn ",
        "userDefined": false
      },
      {
        "text": "python",
        "alias": "languageName",
        "meta": "@languageName",
        "userDefined": true
      }
    ],
    "isTemplate": false,
    "count": 0,
    "updated": 1535682009
  },
  {
    "id": "132e4566-ae58-4c13-aca3-103122a974fa",
    "data": [
      {
        "text": "I would like to learn ",
        "userDefined": false
      },
      {
        "text": "java",
        "alias": "languageName",
        "meta": "@languageName",
        "userDefined": true
      }
    ],
    "isTemplate": false,
    "count": 0,
    "updated": 1535682009
  },
  {
    "id": "ee8d5b4e-0675-4e18-b0d6-9f66acc29ef7",
    "data": [
      {
        "text": "i want to learn ",
        "userDefined": false
      },
      {
        "text": "hindi",
        "alias": "languageName",
        "meta": "@languageName",
        "userDefined": true
      }
    ],
    "isTemplate": false,
    "count": 0,
    "updated": 1535682009
  },
  {
    "id": "b68ab7f3-63d0-4067-8070-77c547baa622",
    "data": [
      {
        "text": "I want to learn ",
        "userDefined": false
      },
      {
        "text": "python",
        "alias": "languageName",
        "meta": "@languageName",
        "userDefined": true
      }
    ],
    "isTemplate": false,
    "count": 0,
    "updated": 1535682009
  },
  {
    "id": "bc84ccdc-203f-4ffb-817e-6911a56e7175",
    "data": [
      {
        "text": "I want to learn ",
        "userDefined": false
      },
      {
        "text": "java",
        "alias": "languageName",
        "meta": "@languageName",
        "userDefined": true
      }
    ],
    "isTemplate": false,
    "count": 0,
    "updated": 1535682009
  }
]