[
  {
    "id": "0c994494-6266-493d-ab89-166ed2dbc298",
    "data": [
      {
        "text": "hindi",
        "alias": "languageName",
        "meta": "@languageName",
        "userDefined": false
      }
    ],
    "isTemplate": false,
    "count": 0
  },
  {
    "id": "a6700206-3aa4-458d-abd6-d930beef7e83",
    "data": [
      {
        "text": "java",
        "alias": "languageName",
        "meta": "@languageName",
        "userDefined": false
      }
    ],
    "isTemplate": false,
    "count": 1
  },
  {
    "id": "620834f5-3842-442c-a4a9-747e9ee3557b",
    "data": [
      {
        "text": "python",
        "alias": "languageName",
        "meta": "@languageName",
        "userDefined": false
      }
    ],
    "isTemplate": false,
    "count": 0
  },
  {
    "id": "e95bade8-67c3-4d73-8aa2-b2561a2cba68",
    "data": [
      {
        "text": "I want to learn python",
        "userDefined": false
      }
    ],
    "isTemplate": false,
    "count": 0
  },
  {
    "id": "e5bbd4cf-7eaa-42fc-b605-368ca080f036",
    "data": [
      {
        "text": "I want to learn ",
        "userDefined": false
      },
      {
        "text": "hindi",
        "alias": "languageName",
        "meta": "@languageName",
        "userDefined": false
      }
    ],
    "isTemplate": false,
    "count": 0
  },
  {
    "id": "5870681e-1c3d-465e-992f-a8787ee07ab4",
    "data": [
      {
        "text": "I want to learn ",
        "userDefined": false
      },
      {
        "text": "java",
        "alias": "languageName",
        "meta": "@languageName",
        "userDefined": false
      }
    ],
    "isTemplate": false,
    "count": 0
  }
]