[
  {
    "id": "d4e9b199-b567-4326-9e0b-531d3070a044",
    "data": [
      {
        "text": "I want to choose ",
        "userDefined": false
      },
      {
        "text": "personal tutor",
        "alias": "trainingMethod",
        "meta": "@trainingMethod",
        "userDefined": true
      }
    ],
    "isTemplate": false,
    "count": 0
  },
  {
    "id": "6e3238f4-13e5-40eb-8d79-9d6b371643b6",
    "data": [
      {
        "text": "I want to choose ",
        "userDefined": false
      },
      {
        "text": "online method",
        "alias": "trainingMethod",
        "meta": "@trainingMethod",
        "userDefined": true
      }
    ],
    "isTemplate": false,
    "count": 0
  },
  {
    "id": "ffa49ba7-304c-48bd-8648-17a652727367",
    "data": [
      {
        "text": "tutor",
        "alias": "trainingMethod",
        "meta": "@trainingMethod",
        "userDefined": true
      }
    ],
    "isTemplate": false,
    "count": 0
  },
  {
    "id": "6d39ea57-774a-4341-84b7-a4e4b486dfca",
    "data": [
      {
        "text": "personal tutor",
        "alias": "trainingMethod",
        "meta": "@trainingMethod",
        "userDefined": true
      }
    ],
    "isTemplate": false,
    "count": 0
  },
  {
    "id": "b71ba9bb-86bb-43b2-979b-456f747f1e2c",
    "data": [
      {
        "text": "online",
        "alias": "trainingMethod",
        "meta": "@trainingMethod",
        "userDefined": true
      }
    ],
    "isTemplate": false,
    "count": 0
  },
  {
    "id": "704a9367-f6fa-47aa-9d30-b7272bced480",
    "data": [
      {
        "text": "I would like to learn through ",
        "userDefined": false
      },
      {
        "text": "online",
        "alias": "trainingMethod",
        "meta": "@trainingMethod",
        "userDefined": true
      }
    ],
    "isTemplate": false,
    "count": 0
  }
]