[
  {
    "id": "8b4296bb-bf02-483b-b1ca-5ad9ab0f7e51",
    "data": [
      {
        "text": "tutor",
        "alias": "trainingMethod",
        "meta": "@trainingMethod",
        "userDefined": true
      }
    ],
    "isTemplate": false,
    "count": 0,
    "updated": 1535682069
  },
  {
    "id": "b0072e3a-7bbc-4766-a3c1-284b54cf44fc",
    "data": [
      {
        "text": "personal tutor",
        "alias": "trainingMethod",
        "meta": "@trainingMethod",
        "userDefined": true
      }
    ],
    "isTemplate": false,
    "count": 0,
    "updated": 1535682069
  },
  {
    "id": "9e2e553f-bffb-41e9-a7de-5beb43b3bca8",
    "data": [
      {
        "text": "online",
        "alias": "trainingMethod",
        "meta": "@trainingMethod",
        "userDefined": true
      }
    ],
    "isTemplate": false,
    "count": 0,
    "updated": 1535682069
  }
]