[
  {
    "id": "1027d74a-e071-489c-8ceb-16352c881096",
    "data": [
      {
        "text": "what is going on",
        "userDefined": false
      }
    ],
    "isTemplate": false,
    "count": 1
  },
  {
    "id": "b17ef9dc-e0f0-4e71-8fff-1e0e3d31096b",
    "data": [
      {
        "text": "whats app",
        "userDefined": false
      }
    ],
    "isTemplate": false,
    "count": 0
  },
  {
    "id": "26c3149a-075a-498c-afe8-ba5ad2e0c953",
    "data": [
      {
        "text": "Hello",
        "userDefined": false
      }
    ],
    "isTemplate": false,
    "count": 0
  },
  {
    "id": "1b8d76c2-e159-4e4c-9dce-359e1414077e",
    "data": [
      {
        "text": "Hi",
        "meta": "@sys.ignore",
        "userDefined": false
      }
    ],
    "isTemplate": false,
    "count": 0
  },
  {
    "id": "0684ae87-6b15-404a-8377-259d30e2321d",
    "data": [
      {
        "text": "काफ़ी दिनों से बात नहीं हुई",
        "userDefined": false
      }
    ],
    "isTemplate": false,
    "count": 0,
    "updated": 0
  },
  {
    "id": "0f72b7d0-f1a0-4bc8-9cec-2b24aefe1b27",
    "data": [
      {
        "text": "नमस्कार",
        "userDefined": false
      }
    ],
    "isTemplate": false,
    "count": 1,
    "updated": 0
  },
  {
    "id": "cc71ac0d-0751-46c1-b363-dd94e56b6c20",
    "data": [
      {
        "text": "नमस्ते",
        "userDefined": false
      }
    ],
    "isTemplate": false,
    "count": 3,
    "updated": 0
  },
  {
    "id": "d4b4e9d9-922f-4565-9fd4-ba42090be2c4",
    "data": [
      {
        "text": "क्या हाल है",
        "userDefined": false
      }
    ],
    "isTemplate": false,
    "count": 0,
    "updated": 0
  },
  {
    "id": "715a703d-6cc6-4571-9969-997d56b00896",
    "data": [
      {
        "text": "सुनो, क्या हाल है",
        "userDefined": false
      }
    ],
    "isTemplate": false,
    "count": 0,
    "updated": 0
  },
  {
    "id": "fd0f95ac-8ad1-440d-a145-d942a11cf79a",
    "data": [
      {
        "text": "मेरी तरफ़ से नमस्ते",
        "userDefined": false
      }
    ],
    "isTemplate": false,
    "count": 0,
    "updated": 0
  }
]